363,https://a.espncdn.com/i/teamlogos/soccer/500/363.png
331,https://a.espncdn.com/i/teamlogos/soccer/500/331.png
362,https://a.espncdn.com/i/teamlogos/soccer/500/362.png
357,https://a.espncdn.com/i/teamlogos/soccer/500/357.png
337,https://a.espncdn.com/i/teamlogos/soccer/500/337.png
379,https://a.espncdn.com/i/teamlogos/soccer/500/379.png
371,https://a.espncdn.com/i/teamlogos/soccer/500/371.png
349,https://a.espncdn.com/i/teamlogos/soccer/500/349.png
382,https://a.espncdn.com/i/teamlogos/soccer/500/382.png
361,https://a.espncdn.com/i/teamlogos/soccer/500/361.png
2011,https://a.espncdn.com/i/teamlogos/ncaa/500/2011.png
2405,https://a.espncdn.com/i/teamlogos/ncaa/500/2405.png
3084,https://a.espncdn.com/i/teamlogos/ncaa/500/3084.png
2856,https://a.espncdn.com/i/teamlogos/ncaa/500/2856.png
250,https://a.espncdn.com/i/teamlogos/ncaa/500/250.png
3101,https://a.espncdn.com/i/teamlogos/ncaa/500/3101.png
2627,https://a.espncdn.com/i/teamlogos/ncaa/500/2627.png
253,https://a.espncdn.com/i/teamlogos/ncaa/500/253.png
50,https://a.espncdn.com/i/teamlogos/ncaa/500/50.png
2010,https://a.espncdn.com/i/teamlogos/ncaa/500/2010.png
235,https://a.espncdn.com/i/teamlogos/ncaa/500/235.png
2272,https://a.espncdn.com/i/teamlogos/ncaa/500/2272.png
112358,https://a.espncdn.com/i/teamlogos/ncaa/500/112358.png
2115,https://a.espncdn.com/i/teamlogos/ncaa/500/2115.png
2330,https://a.espncdn.com/i/teamlogos/ncaa/500/2330.png
2130,https://a.espncdn.com/i/teamlogos/ncaa/500/2130.png
161,https://a.espncdn.com/i/teamlogos/ncaa/500/161.png
2885,https://a.espncdn.com/i/teamlogos/ncaa/500/2885.png
399,https://a.espncdn.com/i/teamlogos/ncaa/500/399.png
350,https://a.espncdn.com/i/teamlogos/ncaa/500/350.png
111,https://a.espncdn.com/i/teamlogos/ncaa/500/111.png
2182,https://a.espncdn.com/i/teamlogos/ncaa/500/2182.png
2097,https://a.espncdn.com/i/teamlogos/ncaa/500/2097.png
2729,https://a.espncdn.com/i/teamlogos/ncaa/500/2729.png
2448,https://a.espncdn.com/i/teamlogos/ncaa/500/2448.png
232,https://a.espncdn.com/i/teamlogos/ncaa/500/232.png
2643,https://a.espncdn.com/i/teamlogos/ncaa/500/2643.png
2535,https://a.espncdn.com/i/teamlogos/ncaa/500/2535.png
2382,https://a.espncdn.com/i/teamlogos/ncaa/500/2382.png
236,https://a.espncdn.com/i/teamlogos/ncaa/500/236.png
2454,https://a.espncdn.com/i/teamlogos/ncaa/500/2454.png
2046,https://a.espncdn.com/i/teamlogos/ncaa/500/2046.png
155,https://a.espncdn.com/i/teamlogos/ncaa/500/155.png
140,https://a.espncdn.com/i/teamlogos/ncaa/500/140.png
2275,https://a.espncdn.com/i/teamlogos/ncaa/500/2275.png
2261,https://a.espncdn.com/i/teamlogos/ncaa/500/2261.png
2413,https://a.espncdn.com/i/teamlogos/ncaa/500/2413.png
249,https://a.espncdn.com/i/teamlogos/ncaa/500/249.png
2655,https://a.espncdn.com/i/teamlogos/ncaa/500/2655.png
2540,https://a.espncdn.com/i/teamlogos/ncaa/500/2540.png
2463,https://a.espncdn.com/i/teamlogos/ncaa/500/2463.png
2172,https://a.espncdn.com/i/teamlogos/ncaa/500/2172.png
233,https://a.espncdn.com/i/teamlogos/ncaa/500/233.png
2692,https://a.espncdn.com/i/teamlogos/ncaa/500/2692.png
147,https://a.espncdn.com/i/teamlogos/ncaa/500/147.png
304,https://a.espncdn.com/i/teamlogos/ncaa/500/304.png
149,https://a.espncdn.com/i/teamlogos/ncaa/500/149.png
2502,https://a.espncdn.com/i/teamlogos/ncaa/500/2502.png
70,https://a.espncdn.com/i/teamlogos/ncaa/500/70.png
2934,https://a.espncdn.com/i/teamlogos/ncaa/500/2934.png
2239,https://a.espncdn.com/i/teamlogos/ncaa/500/2239.png
302,https://a.espncdn.com/i/teamlogos/ncaa/500/302.png
299,https://a.espncdn.com/i/teamlogos/ncaa/500/299.png
300,https://a.espncdn.com/i/teamlogos/ncaa/500/300.png
62,https://a.espncdn.com/i/teamlogos/ncaa/500/62.png
2670,https://a.espncdn.com/i/teamlogos/ncaa/500/2670.png
189,https://a.espncdn.com/i/teamlogos/ncaa/500/189.png
2350,https://a.espncdn.com/i/teamlogos/ncaa/500/2350.png
195,https://a.espncdn.com/i/teamlogos/ncaa/500/195.png
228,https://a.espncdn.com/i/teamlogos/ncaa/500/228.png
77,https://a.espncdn.com/i/teamlogos/ncaa/500/77.png
2507,https://a.espncdn.com/i/teamlogos/ncaa/500/2507.png
245,https://a.espncdn.com/i/teamlogos/ncaa/500/245.png
221,https://a.espncdn.com/i/teamlogos/ncaa/500/221.png
96,https://a.espncdn.com/i/teamlogos/ncaa/500/96.png
239,https://a.espncdn.com/i/teamlogos/ncaa/500/239.png
46,https://a.espncdn.com/i/teamlogos/ncaa/500/46.png
2541,https://a.espncdn.com/i/teamlogos/ncaa/500/2541.png
139,https://a.espncdn.com/i/teamlogos/ncaa/500/139.png
2509,https://a.espncdn.com/i/teamlogos/ncaa/500/2509.png
84,https://a.espncdn.com/i/teamlogos/ncaa/500/84.png
193,https://a.espncdn.com/i/teamlogos/ncaa/500/193.png
57,https://a.espncdn.com/i/teamlogos/ncaa/500/57.png
183,https://a.espncdn.com/i/teamlogos/ncaa/500/183.png
2065,https://a.espncdn.com/i/teamlogos/ncaa/500/2065.png
2599,https://a.espncdn.com/i/teamlogos/ncaa/500/2599.png
2579,https://a.espncdn.com/i/teamlogos/ncaa/500/2579.png
152,https://a.espncdn.com/i/teamlogos/ncaa/500/152.png
227,https://a.espncdn.com/i/teamlogos/ncaa/500/227.png
2567,https://a.espncdn.com/i/teamlogos/ncaa/500/2567.png
113,https://a.espncdn.com/i/teamlogos/ncaa/500/113.png
197,https://a.espncdn.com/i/teamlogos/ncaa/500/197.png
2132,https://a.espncdn.com/i/teamlogos/ncaa/500/2132.png
269,https://a.espncdn.com/i/teamlogos/ncaa/500/269.png
158,https://a.espncdn.com/i/teamlogos/ncaa/500/158.png
213,https://a.espncdn.com/i/teamlogos/ncaa/500/213.png
2539,https://a.espncdn.com/i/teamlogos/ncaa/500/2539.png
145,https://a.espncdn.com/i/teamlogos/ncaa/500/145.png
156,https://a.espncdn.com/i/teamlogos/ncaa/500/156.png
2378,https://a.espncdn.com/i/teamlogos/ncaa/500/2378.png
261,https://a.espncdn.com/i/teamlogos/ncaa/500/261.png
2349,https://a.espncdn.com/i/teamlogos/ncaa/500/2349.png
160,https://a.espncdn.com/i/teamlogos/ncaa/500/160.png
2803,https://a.espncdn.com/i/teamlogos/ncaa/500/2803.png
2066,https://a.espncdn.com/i/teamlogos/ncaa/500/2066.png
2335,https://a.espncdn.com/i/teamlogos/ncaa/500/2335.png
2229,https://a.espncdn.com/i/teamlogos/ncaa/500/2229.png
2737,https://a.espncdn.com/i/teamlogos/ncaa/500/2737.png
2908,https://a.espncdn.com/i/teamlogos/ncaa/500/2908.png
2026,https://a.espncdn.com/i/teamlogos/ncaa/500/2026.png
276,https://a.espncdn.com/i/teamlogos/ncaa/500/276.png
58,https://a.espncdn.com/i/teamlogos/ncaa/500/58.png
326,https://a.espncdn.com/i/teamlogos/ncaa/500/326.png
309,https://a.espncdn.com/i/teamlogos/ncaa/500/309.png
2032,https://a.espncdn.com/i/teamlogos/ncaa/500/2032.png
2247,https://a.espncdn.com/i/teamlogos/ncaa/500/2247.png
290,https://a.espncdn.com/i/teamlogos/ncaa/500/290.png
56,https://a.espncdn.com/i/teamlogos/ncaa/500/56.png
2110,https://a.espncdn.com/i/teamlogos/ncaa/500/2110.png
2031,https://a.espncdn.com/i/teamlogos/ncaa/500/2031.png
2630,https://a.espncdn.com/i/teamlogos/ncaa/500/2630.png
142,https://a.espncdn.com/i/teamlogos/ncaa/500/142.png
2641,https://a.espncdn.com/i/teamlogos/ncaa/500/2641.png
2306,https://a.espncdn.com/i/teamlogos/ncaa/500/2306.png
258,https://a.espncdn.com/i/teamlogos/ncaa/500/258.png
2390,https://a.espncdn.com/i/teamlogos/ncaa/500/2390.png
238,https://a.espncdn.com/i/teamlogos/ncaa/500/238.png
2633,https://a.espncdn.com/i/teamlogos/ncaa/500/2633.png
59,https://a.espncdn.com/i/teamlogos/ncaa/500/59.png
222,https://a.espncdn.com/i/teamlogos/ncaa/500/222.png
41,https://a.espncdn.com/i/teamlogos/ncaa/500/41.png
99,https://a.espncdn.com/i/teamlogos/ncaa/500/99.png
333,https://a.espncdn.com/i/teamlogos/ncaa/500/333.png
150,https://a.espncdn.com/i/teamlogos/ncaa/500/150.png
130,https://a.espncdn.com/i/teamlogos/ncaa/500/130.png
2427,https://a.espncdn.com/i/teamlogos/ncaa/500/2427.png
2506,https://a.espncdn.com/i/teamlogos/ncaa/500/2506.png
2344,https://a.espncdn.com/i/teamlogos/ncaa/500/2344.png
2515,https://a.espncdn.com/i/teamlogos/ncaa/500/2515.png
2241,https://a.espncdn.com/i/teamlogos/ncaa/500/2241.png
2750,https://a.espncdn.com/i/teamlogos/ncaa/500/2750.png
85,https://a.espncdn.com/i/teamlogos/ncaa/500/85.png
2385,https://a.espncdn.com/i/teamlogos/ncaa/500/2385.png
2681,https://a.espncdn.com/i/teamlogos/ncaa/500/2681.png
2441,https://a.espncdn.com/i/teamlogos/ncaa/500/2441.png
284,https://a.espncdn.com/i/teamlogos/ncaa/500/284.png
2598,https://a.espncdn.com/i/teamlogos/ncaa/500/2598.png
356,https://a.espncdn.com/i/teamlogos/ncaa/500/356.png
2250,https://a.espncdn.com/i/teamlogos/ncaa/500/2250.png
279,https://a.espncdn.com/i/teamlogos/ncaa/500/279.png
252,https://a.espncdn.com/i/teamlogos/ncaa/500/252.png
66,https://a.espncdn.com/i/teamlogos/ncaa/500/66.png
2029,https://a.espncdn.com/i/teamlogos/ncaa/500/2029.png
2640,https://a.espncdn.com/i/teamlogos/ncaa/500/2640.png
2400,https://a.espncdn.com/i/teamlogos/ncaa/500/2400.png
2504,https://a.espncdn.com/i/teamlogos/ncaa/500/2504.png
2710,https://a.espncdn.com/i/teamlogos/ncaa/500/2710.png
88,https://a.espncdn.com/i/teamlogos/ncaa/500/88.png
2635,https://a.espncdn.com/i/teamlogos/ncaa/500/2635.png
2565,https://a.espncdn.com/i/teamlogos/ncaa/500/2565.png
2634,https://a.espncdn.com/i/teamlogos/ncaa/500/2634.png
2815,https://a.espncdn.com/i/teamlogos/ncaa/500/2815.png
2197,https://a.espncdn.com/i/teamlogos/ncaa/500/2197.png
DEFAULT_NUMERIC_LOGO,https://sportslogos.com/default_numeric.png
NBA_17,https://a.espncdn.com/i/teamlogos/nba/500/scoreboard/bkn.png
# Automated logo mapping for missing teams
# Format: team_id,logo_url
NBA-26,https://a.espncdn.com/i/teamlogos/nba/500/utah.png
NBA-27,https://a.espncdn.com/i/teamlogos/nba/500/wsh.png
NCAAB-44,https://a.espncdn.com/i/teamlogos/ncaa/500/44.png
NCAAB-9,https://a.espncdn.com/i/teamlogos/ncaa/500/9.png
NCAAB-12,https://a.espncdn.com/i/teamlogos/ncaa/500/12.png
NCAAB-8,https://a.espncdn.com/i/teamlogos/ncaa/500/8.png
NCAAB-2,https://a.espncdn.com/i/teamlogos/ncaa/500/2.png
NCAAB-91,https://a.espncdn.com/i/teamlogos/ncaa/500/91.png
NCAAB-68,https://a.espncdn.com/i/teamlogos/ncaa/500/68.png
NCAAB-103,https://a.espncdn.com/i/teamlogos/ncaa/500/103.png
NCAAB-104,https://a.espncdn.com/i/teamlogos/ncaa/500/104.png
NCAAB-189,https://a.espncdn.com/i/teamlogos/ncaa/500/189.png
NCAAB-71,https://a.espncdn.com/i/teamlogos/ncaa/500/71.png
NCAAB-13,https://a.espncdn.com/i/teamlogos/ncaa/500/13.png
NCAAB-25,https://a.espncdn.com/i/teamlogos/ncaa/500/25.png
NCAAB-38,https://a.espncdn.com/i/teamlogos/ncaa/500/38.png
NCAAB-36,https://a.espncdn.com/i/teamlogos/ncaa/500/36.png
NCAAB-171,https://a.espncdn.com/i/teamlogos/ncaa/500/171.png
NCAAB-172,https://a.espncdn.com/i/teamlogos/ncaa/500/172.png
NCAAB-156,https://a.espncdn.com/i/teamlogos/ncaa/500/156.png
NCAAB-159,https://a.espncdn.com/i/teamlogos/ncaa/500/159.png
NCAAB-48,https://a.espncdn.com/i/teamlogos/ncaa/500/48.png
NCAAB-150,https://a.espncdn.com/i/teamlogos/ncaa/500/150.png
NCAAB-151,https://a.espncdn.com/i/teamlogos/ncaa/500/151.png
NCAAB-161,https://a.espncdn.com/i/teamlogos/ncaa/500/161.png
NCAAB-50,https://a.espncdn.com/i/teamlogos/ncaa/500/50.png
NCAAB-57,https://a.espncdn.com/i/teamlogos/ncaa/500/57.png
NCAAB-52,https://a.espncdn.com/i/teamlogos/ncaa/500/52.png
NCAAB-45,https://a.espncdn.com/i/teamlogos/ncaa/500/45.png
NCAAB-46,https://a.espncdn.com/i/teamlogos/ncaa/500/46.png
NCAAB-61,https://a.espncdn.com/i/teamlogos/ncaa/500/61.png
NCAAB-59,https://a.espncdn.com/i/teamlogos/ncaa/500/59.png
NCAAB-108,https://a.espncdn.com/i/teamlogos/ncaa/500/108.png
NCAAB-62,https://a.espncdn.com/i/teamlogos/ncaa/500/62.png
NCAAB-107,https://a.espncdn.com/i/teamlogos/ncaa/500/107.png
NCAAB-47,https://a.espncdn.com/i/teamlogos/ncaa/500/47.png
NCAAB-85,https://a.espncdn.com/i/teamlogos/ncaa/500/85.png
NCAAB-70,https://a.espncdn.com/i/teamlogos/ncaa/500/70.png
NCAAB-84,https://a.espncdn.com/i/teamlogos/ncaa/500/84.png
NCAAB-66,https://a.espncdn.com/i/teamlogos/ncaa/500/66.png
NCAAB-55,https://a.espncdn.com/i/teamlogos/ncaa/500/55.png
NCAAB-140,https://a.espncdn.com/i/teamlogos/ncaa/500/140.png
NCAAB-96,https://a.espncdn.com/i/teamlogos/ncaa/500/96.png
NCAAB-99,https://a.espncdn.com/i/teamlogos/ncaa/500/99.png
NCAAB-97,https://a.espncdn.com/i/teamlogos/ncaa/500/97.png
NCAAB-120,https://a.espncdn.com/i/teamlogos/ncaa/500/120.png
NCAAB-113,https://a.espncdn.com/i/teamlogos/ncaa/500/113.png
NCAAB-193,https://a.espncdn.com/i/teamlogos/ncaa/500/193.png
NCAAB-127,https://a.espncdn.com/i/teamlogos/ncaa/500/127.png
NCAAB-130,https://a.espncdn.com/i/teamlogos/ncaa/500/130.png
NCAAB-135,https://a.espncdn.com/i/teamlogos/ncaa/500/135.png
NCAAB-142,https://a.espncdn.com/i/teamlogos/ncaa/500/142.png
NCAAB-149,https://a.espncdn.com/i/teamlogos/ncaa/500/149.png
NCAAB-147,https://a.espncdn.com/i/teamlogos/ncaa/500/147.png
NCAAB-116,https://a.espncdn.com/i/teamlogos/ncaa/500/116.png
NCAAB-93,https://a.espncdn.com/i/teamlogos/ncaa/500/93.png
NCAAB-152,https://a.espncdn.com/i/teamlogos/ncaa/500/152.png
NCAAB-158,https://a.espncdn.com/i/teamlogos/ncaa/500/158.png
NCAAB-160,https://a.espncdn.com/i/teamlogos/ncaa/500/160.png
NCAAB-167,https://a.espncdn.com/i/teamlogos/ncaa/500/167.png
NCAAB-166,https://a.espncdn.com/i/teamlogos/ncaa/500/166.png
NCAAB-153,https://a.espncdn.com/i/teamlogos/ncaa/500/153.png
NCAAB-155,https://a.espncdn.com/i/teamlogos/ncaa/500/155.png
NCAAB-111,https://a.espncdn.com/i/teamlogos/ncaa/500/111.png
NCAAB-94,https://a.espncdn.com/i/teamlogos/ncaa/500/94.png
NCAAB-77,https://a.espncdn.com/i/teamlogos/ncaa/500/77.png
NCAAB-87,https://a.espncdn.com/i/teamlogos/ncaa/500/87.png
NCAAB-195,https://a.espncdn.com/i/teamlogos/ncaa/500/195.png
NCAAB-194,https://a.espncdn.com/i/teamlogos/ncaa/500/194.png
NCAAB-201,https://a.espncdn.com/i/teamlogos/ncaa/500/201.png
NCAAB-197,https://a.espncdn.com/i/teamlogos/ncaa/500/197.png
NCAAB-145,https://a.espncdn.com/i/teamlogos/ncaa/500/145.png
NCAAB-198,https://a.espncdn.com/i/teamlogos/ncaa/500/198.png
NCAAB-204,https://a.espncdn.com/i/teamlogos/ncaa/500/204.png
NCAAB-213,https://a.espncdn.com/i/teamlogos/ncaa/500/213.png
NCAAB-219,https://a.espncdn.com/i/teamlogos/ncaa/500/219.png
NCAAB-163,https://sportslogos.com/ncaab/163.png
NCAAB-164,https://sportslogos.com/ncaab/164.png
NCAAB-16,https://sportslogos.com/ncaab/16.png
NCAAB-139,https://sportslogos.com/ncaab/139.png
NCAAB-21,https://sportslogos.com/ncaab/21.png
NCAAB-23,https://sportslogos.com/ncaab/23.png
NCAAB-6,https://sportslogos.com/ncaab/6.png
NCAAB-58,https://sportslogos.com/ncaab/58.png
NCAAB-79,https://sportslogos.com/ncaab/79.png
NCAAB-179,https://sportslogos.com/ncaab/179.png
NCAAB-24,https://sportslogos.com/ncaab/24.png
NCAAB-56,https://sportslogos.com/ncaab/56.png
NCAAB-183,https://sportslogos.com/ncaab/183.png
NCAAB-218,https://sportslogos.com/ncaab/218.png
NCAAB-119,https://sportslogos.com/ncaab/119.png
NCAAB-202,https://sportslogos.com/ncaab/202.png
NCAAB-5,https://sportslogos.com/ncaab/5.png
NCAAB-27,https://sportslogos.com/ncaab/27.png
NCAAB-28,https://sportslogos.com/ncaab/28.png
NCAAB-26,https://sportslogos.com/ncaab/26.png
NCAAB-41,https://sportslogos.com/ncaab/41.png
NCAAB-82,https://sportslogos.com/ncaab/82.png
NCAAB-30,https://sportslogos.com/ncaab/30.png
NCAAB-154,https://sportslogos.com/ncaab/154.png
NCAAB-98,https://sportslogos.com/ncaab/98.png
NCAAB-43,https://sportslogos.com/ncaab/43.png
NBA-99,https://sportslogos.com/nba/99.png
NCAAB-2272,https://sportslogos.com/ncaab/2272.png
NCAAB-2181,https://sportslogos.com/ncaab/2181.png
NBA-111136,https://sportslogos.com/nba/111136.png
NCAAF-2483,https://sportslogos.com/ncaaf/2483.png
NCAAF-2132,https://sportslogos.com/ncaaf/2132.png
NCAAF-194,https://sportslogos.com/ncaaf/194.png
NCAAF-254,https://sportslogos.com/ncaaf/254.png
NCAAF-356,https://sportslogos.com/ncaaf/356.png
NCAAF-248,https://sportslogos.com/ncaaf/248.png
NCAAB-2464,https://sportslogos.com/ncaab/2464.png
NCAAF-228,https://sportslogos.com/ncaaf/228.png
NFL-22,https://a.espncdn.com/i/teamlogos/nfl/500/22.png
NFL-1,https://a.espncdn.com/i/teamlogos/nfl/500/1.png
NFL-33,https://a.espncdn.com/i/teamlogos/nfl/500/33.png
NFL-2,https://a.espncdn.com/i/teamlogos/nfl/500/2.png
NFL-29,https://a.espncdn.com/i/teamlogos/nfl/500/29.png
NFL-3,https://a.espncdn.com/i/teamlogos/nfl/500/3.png
NFL-4,https://a.espncdn.com/i/teamlogos/nfl/500/4.png
NFL-5,https://a.espncdn.com/i/teamlogos/nfl/500/5.png
NFL-6,https://a.espncdn.com/i/teamlogos/nfl/500/6.png
NFL-7,https://a.espncdn.com/i/teamlogos/nfl/500/7.png
NFL-8,https://a.espncdn.com/i/teamlogos/nfl/500/8.png
NFL-9,https://a.espncdn.com/i/teamlogos/nfl/500/9.png
NFL-34,https://a.espncdn.com/i/teamlogos/nfl/500/34.png
NFL-11,https://a.espncdn.com/i/teamlogos/nfl/500/11.png
NFL-30,https://a.espncdn.com/i/teamlogos/nfl/500/30.png
NFL-12,https://a.espncdn.com/i/teamlogos/nfl/500/12.png
NFL-13,https://a.espncdn.com/i/teamlogos/nfl/500/13.png
NFL-24,https://a.espncdn.com/i/teamlogos/nfl/500/24.png
NFL-14,https://a.espncdn.com/i/teamlogos/nfl/500/14.png
NFL-15,https://a.espncdn.com/i/teamlogos/nfl/500/15.png
NFL-16,https://a.espncdn.com/i/teamlogos/nfl/500/16.png
NFL-17,https://a.espncdn.com/i/teamlogos/nfl/500/17.png
NFL-18,https://a.espncdn.com/i/teamlogos/nfl/500/18.png
NFL-19,https://a.espncdn.com/i/teamlogos/nfl/500/19.png
NFL-20,https://a.espncdn.com/i/teamlogos/nfl/500/20.png
NFL-21,https://a.espncdn.com/i/teamlogos/nfl/500/21.png
NFL-23,https://a.espncdn.com/i/teamlogos/nfl/500/23.png
NFL-25,https://a.espncdn.com/i/teamlogos/nfl/500/25.png
NFL-26,https://a.espncdn.com/i/teamlogos/nfl/500/26.png
NFL-27,https://a.espncdn.com/i/teamlogos/nfl/500/27.png
NFL-10,https://a.espncdn.com/i/teamlogos/nfl/500/10.png
NFL-28,https://a.espncdn.com/i/teamlogos/nfl/500/28.png
NHL-25,https://a.espncdn.com/i/teamlogos/nhl/500/25.png
NHL-1,https://a.espncdn.com/i/teamlogos/nhl/500/1.png
NHL-2,https://a.espncdn.com/i/teamlogos/nhl/500/2.png
NHL-3,https://a.espncdn.com/i/teamlogos/nhl/500/3.png
NHL-7,https://a.espncdn.com/i/teamlogos/nhl/500/7.png
NHL-4,https://a.espncdn.com/i/teamlogos/nhl/500/4.png
NHL-17,https://a.espncdn.com/i/teamlogos/nhl/500/17.png
NHL-29,https://a.espncdn.com/i/teamlogos/nhl/500/29.png
NHL-9,https://a.espncdn.com/i/teamlogos/nhl/500/9.png
NHL-5,https://a.espncdn.com/i/teamlogos/nhl/500/5.png
NHL-6,https://a.espncdn.com/i/teamlogos/nhl/500/6.png
NHL-26,https://a.espncdn.com/i/teamlogos/nhl/500/26.png
NHL-8,https://a.espncdn.com/i/teamlogos/nhl/500/8.png
NHL-30,https://a.espncdn.com/i/teamlogos/nhl/500/30.png
NHL-10,https://a.espncdn.com/i/teamlogos/nhl/500/10.png
NHL-27,https://a.espncdn.com/i/teamlogos/nhl/500/27.png
NHL-11,https://a.espncdn.com/i/teamlogos/nhl/500/11.png
NHL-12,https://a.espncdn.com/i/teamlogos/nhl/500/12.png
NHL-13,https://a.espncdn.com/i/teamlogos/nhl/500/13.png
NHL-14,https://a.espncdn.com/i/teamlogos/nhl/500/14.png
NHL-15,https://a.espncdn.com/i/teamlogos/nhl/500/15.png
NHL-16,https://a.espncdn.com/i/teamlogos/nhl/500/16.png
NHL-18,https://a.espncdn.com/i/teamlogos/nhl/500/18.png
NHL-124292,https://a.espncdn.com/i/teamlogos/nhl/500/124292.png
NHL-19,https://a.espncdn.com/i/teamlogos/nhl/500/19.png
NHL-20,https://a.espncdn.com/i/teamlogos/nhl/500/20.png
NHL-21,https://a.espncdn.com/i/teamlogos/nhl/500/21.png
NHL-129764,https://a.espncdn.com/i/teamlogos/nhl/500/129764.png
NHL-22,https://a.espncdn.com/i/teamlogos/nhl/500/22.png
NHL-37,https://a.espncdn.com/i/teamlogos/nhl/500/37.png
NHL-23,https://a.espncdn.com/i/teamlogos/nhl/500/23.png
NHL-28,https://a.espncdn.com/i/teamlogos/nhl/500/28.png
EPL-349,https://a.espncdn.com/i/teamlogos/soccer/500/349.png
EPL-359,https://a.espncdn.com/i/teamlogos/soccer/500/359.png
EPL-362,https://a.espncdn.com/i/teamlogos/soccer/500/362.png
EPL-337,https://a.espncdn.com/i/teamlogos/soccer/500/337.png
EPL-331,https://a.espncdn.com/i/teamlogos/soccer/500/331.png
EPL-379,https://a.espncdn.com/i/teamlogos/soccer/500/379.png
EPL-363,https://a.espncdn.com/i/teamlogos/soccer/500/363.png
EPL-384,https://a.espncdn.com/i/teamlogos/soccer/500/384.png
EPL-368,https://a.espncdn.com/i/teamlogos/soccer/500/368.png
EPL-370,https://a.espncdn.com/i/teamlogos/soccer/500/370.png
EPL-357,https://a.espncdn.com/i/teamlogos/soccer/500/357.png
EPL-364,https://a.espncdn.com/i/teamlogos/soccer/500/364.png
EPL-382,https://a.espncdn.com/i/teamlogos/soccer/500/382.png
EPL-360,https://a.espncdn.com/i/teamlogos/soccer/500/360.png
EPL-361,https://a.espncdn.com/i/teamlogos/soccer/500/361.png
EPL-393,https://a.espncdn.com/i/teamlogos/soccer/500/393.png
EPL-366,https://a.espncdn.com/i/teamlogos/soccer/500/366.png
EPL-367,https://a.espncdn.com/i/teamlogos/soccer/500/367.png
EPL-371,https://a.espncdn.com/i/teamlogos/soccer/500/371.png
EPL-380,https://a.espncdn.com/i/teamlogos/soccer/500/380.png
SOCCER-337,https://a.espncdn.com/i/teamlogos/soccer/500/337.png
SOCCER-380,https://a.espncdn.com/i/teamlogos/soccer/500/380.png
SOCCER-361,https://a.espncdn.com/i/teamlogos/soccer/500/361.png
NCAAF-7,https://a.espncdn.com/i/teamlogos/ncaa/500/7.png
NCAAF-15,https://a.espncdn.com/i/teamlogos/ncaa/500/15.png
NCAAF-9,https://a.espncdn.com/i/teamlogos/ncaa/500/9.png
NCAAF-12,https://a.espncdn.com/i/teamlogos/ncaa/500/12.png
NCAAF-8,https://a.espncdn.com/i/teamlogos/ncaa/500/8.png
NCAAF-2,https://a.espncdn.com/i/teamlogos/ncaa/500/2.png
NCAAF-124,https://a.espncdn.com/i/teamlogos/ncaa/500/124.png
NCAAF-121,https://a.espncdn.com/i/teamlogos/ncaa/500/121.png
NCAAF-132,https://a.espncdn.com/i/teamlogos/ncaa/500/132.png
NCAAF-68,https://a.espncdn.com/i/teamlogos/ncaa/500/68.png
NCAAF-103,https://a.espncdn.com/i/teamlogos/ncaa/500/103.png
NCAAF-18,https://a.espncdn.com/i/teamlogos/ncaa/500/18.png
NCAAF-63,https://a.espncdn.com/i/teamlogos/ncaa/500/63.png
NCAAF-13,https://a.espncdn.com/i/teamlogos/ncaa/500/13.png
NCAAF-25,https://a.espncdn.com/i/teamlogos/ncaa/500/25.png
NCAAF-32,https://a.espncdn.com/i/teamlogos/ncaa/500/32.png
NCAAF-80,https://a.espncdn.com/i/teamlogos/ncaa/500/80.png
NCAAF-17,https://a.espncdn.com/i/teamlogos/ncaa/500/17.png
NCAAF-33,https://a.espncdn.com/i/teamlogos/ncaa/500/33.png
NCAAF-38,https://a.espncdn.com/i/teamlogos/ncaa/500/38.png
NCAAF-11,https://a.espncdn.com/i/teamlogos/ncaa/500/11.png
NCAAF-36,https://a.espncdn.com/i/teamlogos/ncaa/500/36.png
NCAAF-40,https://a.espncdn.com/i/teamlogos/ncaa/500/40.png
NCAAF-48,https://a.espncdn.com/i/teamlogos/ncaa/500/48.png
NCAAF-83,https://a.espncdn.com/i/teamlogos/ncaa/500/83.png
NCAAF-49,https://a.espncdn.com/i/teamlogos/ncaa/500/49.png
NCAAF-150,https://a.espncdn.com/i/teamlogos/ncaa/500/150.png
NCAAF-72,https://a.espncdn.com/i/teamlogos/ncaa/500/72.png
NCAAF-101,https://a.espncdn.com/i/teamlogos/ncaa/500/101.png
NCAAF-114,https://a.espncdn.com/i/teamlogos/ncaa/500/114.png
NCAAF-50,https://a.espncdn.com/i/teamlogos/ncaa/500/50.png
NCAAF-57,https://a.espncdn.com/i/teamlogos/ncaa/500/57.png
NCAAF-52,https://a.espncdn.com/i/teamlogos/ncaa/500/52.png
NCAAF-46,https://a.espncdn.com/i/teamlogos/ncaa/500/46.png
NCAAF-61,https://a.espncdn.com/i/teamlogos/ncaa/500/61.png
NCAAF-59,https://a.espncdn.com/i/teamlogos/ncaa/500/59.png
NCAAF-125,https://a.espncdn.com/i/teamlogos/ncaa/500/125.png
NCAAF-65,https://a.espncdn.com/i/teamlogos/ncaa/500/65.png
NCAAF-146,https://a.espncdn.com/i/teamlogos/ncaa/500/146.png
NCAAF-108,https://a.espncdn.com/i/teamlogos/ncaa/500/108.png
NCAAF-62,https://a.espncdn.com/i/teamlogos/ncaa/500/62.png
NCAAF-107,https://a.espncdn.com/i/teamlogos/ncaa/500/107.png
NCAAF-47,https://a.espncdn.com/i/teamlogos/ncaa/500/47.png
NCAAF-70,https://a.espncdn.com/i/teamlogos/ncaa/500/70.png
NCAAF-84,https://a.espncdn.com/i/teamlogos/ncaa/500/84.png
NCAAF-66,https://a.espncdn.com/i/teamlogos/ncaa/500/66.png
NCAAF-55,https://a.espncdn.com/i/teamlogos/ncaa/500/55.png
NCAAF-118,https://a.espncdn.com/i/teamlogos/ncaa/500/118.png
NCAAF-126,https://a.espncdn.com/i/teamlogos/ncaa/500/126.png
NCAAF-96,https://a.espncdn.com/i/teamlogos/ncaa/500/96.png
NCAAF-99,https://a.espncdn.com/i/teamlogos/ncaa/500/99.png
NCAAF-97,https://a.espncdn.com/i/teamlogos/ncaa/500/97.png
NCAAF-67,https://a.espncdn.com/i/teamlogos/ncaa/500/67.png
NCAAF-109,https://a.espncdn.com/i/teamlogos/ncaa/500/109.png
NCAAF-120,https://a.espncdn.com/i/teamlogos/ncaa/500/120.png
NCAAF-110,https://a.espncdn.com/i/teamlogos/ncaa/500/110.png
NCAAF-113,https://a.espncdn.com/i/teamlogos/ncaa/500/113.png
NCAAF-127,https://a.espncdn.com/i/teamlogos/ncaa/500/127.png
NCAAF-130,https://a.espncdn.com/i/teamlogos/ncaa/500/130.png
NCAAF-74,https://a.espncdn.com/i/teamlogos/ncaa/500/74.png
NCAAF-134,https://a.espncdn.com/i/teamlogos/ncaa/500/134.png
NCAAF-135,https://a.espncdn.com/i/teamlogos/ncaa/500/135.png
NCAAF-142,https://a.espncdn.com/i/teamlogos/ncaa/500/142.png
NCAAF-137,https://a.espncdn.com/i/teamlogos/ncaa/500/137.png
NCAAF-149,https://a.espncdn.com/i/teamlogos/ncaa/500/149.png
NCAAF-147,https://a.espncdn.com/i/teamlogos/ncaa/500/147.png
NCAAF-60,https://a.espncdn.com/i/teamlogos/ncaa/500/60.png
NCAAF-93,https://a.espncdn.com/i/teamlogos/ncaa/500/93.png
NCAAF-75,https://a.espncdn.com/i/teamlogos/ncaa/500/75.png
NCAAF-128,https://a.espncdn.com/i/teamlogos/ncaa/500/128.png
NCAAF-138,https://a.espncdn.com/i/teamlogos/ncaa/500/138.png
NCAAF-77,https://a.espncdn.com/i/teamlogos/ncaa/500/77.png
NCAAF-87,https://a.espncdn.com/i/teamlogos/ncaa/500/87.png
NCAAF-145,https://a.espncdn.com/i/teamlogos/ncaa/500/145.png
NCAAF-95,https://a.espncdn.com/i/teamlogos/ncaa/500/95.png
NCAAF-90,https://a.espncdn.com/i/teamlogos/ncaa/500/90.png
NCAAF-29,https://a.espncdn.com/i/teamlogos/ncaa/500/29.png
NCAAF-86,https://a.espncdn.com/i/teamlogos/ncaa/500/86.png
NCAAF-16,https://a.espncdn.com/i/teamlogos/ncaa/500/16.png
NCAAF-129,https://a.espncdn.com/i/teamlogos/ncaa/500/129.png
NCAAF-21,https://a.espncdn.com/i/teamlogos/ncaa/500/21.png
NCAAF-23,https://a.espncdn.com/i/teamlogos/ncaa/500/23.png
NCAAF-6,https://a.espncdn.com/i/teamlogos/ncaa/500/6.png
NCAAF-58,https://a.espncdn.com/i/teamlogos/ncaa/500/58.png
NCAAF-79,https://a.espncdn.com/i/teamlogos/ncaa/500/79.png
NCAAF-81,https://a.espncdn.com/i/teamlogos/ncaa/500/81.png
NCAAF-133,https://a.espncdn.com/i/teamlogos/ncaa/500/133.png
NCAAF-24,https://a.espncdn.com/i/teamlogos/ncaa/500/24.png
NCAAF-56,https://a.espncdn.com/i/teamlogos/ncaa/500/56.png
NCAAF-119,https://a.espncdn.com/i/teamlogos/ncaa/500/119.png
NCAAF-112,https://a.espncdn.com/i/teamlogos/ncaa/500/112.png
NCAAF-5,https://a.espncdn.com/i/teamlogos/ncaa/500/5.png
NCAAF-26,https://a.espncdn.com/i/teamlogos/ncaa/500/26.png
NCAAF-41,https://a.espncdn.com/i/teamlogos/ncaa/500/41.png
NCAAF-30,https://a.espncdn.com/i/teamlogos/ncaa/500/30.png
NCAAF-89,https://a.espncdn.com/i/teamlogos/ncaa/500/89.png
NCAAF-143,https://a.espncdn.com/i/teamlogos/ncaa/500/143.png
NCAAF-131,https://a.espncdn.com/i/teamlogos/ncaa/500/131.png
NCAAF-98,https://a.espncdn.com/i/teamlogos/ncaa/500/98.png
NCAAF-43,https://a.espncdn.com/i/teamlogos/ncaa/500/43.png
